44,1448,Victor von Doom (Earth-616),\/Victor_von_Doom_(Earth-616),Public Identity,Bad Characters,Brown Eyes,Brown Hair,Male Characters,,Living Characters,721,Jul-62,1962
48,1740,Norman Osborn (Earth-616),\/Norman_Osborn_(Earth-616),Public Identity,Bad Characters,Blue Eyes,Auburn Hair,Male Characters,,Living Characters,692,Jul-64,1964
70,1931,Wilson Fisk (Earth-616),\/Wilson_Fisk_(Earth-616),Public Identity,Bad Characters,Blue Eyes,Bald,Male Characters,,Living Characters,503,Jul-67,1967
93,2374,Sabretooth (Victor Creed),\/Sabretooth_(Victor_Creed),Secret Identity,Bad Characters,Amber Eyes,Blond Hair,Male Characters,,Living Characters,382,Aug-77,1977
95,2344,Johann Shmidt (Earth-616),\/Johann_Shmidt_(Earth-616),Public Identity,Bad Characters,Blue Eyes,Blond Hair,Male Characters,,Deceased Characters,376,Aug-41,1941
102,55878,Raven Darkholme (Earth-616),\/Raven_Darkholme_(Earth-616),Secret Identity,Bad Characters,Yellow Eyes,Red Hair,Female Characters,Bisexual Characters,Living Characters,371,Apr-78,1978
113,1180,Felicia Hardy (Earth-616),\/Felicia_Hardy_(Earth-616),Public Identity,Bad Characters,,Blond Hair,Female Characters,,Living Characters,332,Jul-79,1979
123,2513,MacDonald Gargan (Earth-616),\/MacDonald_Gargan_(Earth-616),Secret Identity,Bad Characters,Brown Eyes,Bald,Male Characters,,Living Characters,317,Dec-64,1964
124,2146,Mephisto (Earth-616),\/Mephisto_(Earth-616),No Dual Identity,Bad Characters,White Eyes,Black Hair,Male Characters,,Living Characters,316,Dec-68,1968
130,2456,Thanos (Earth-616),\/Thanos_(Earth-616),No Dual Identity,Bad Characters,Red Eyes,No Hair,Male Characters,,Living Characters,306,Feb-73,1973
139,1256,Bullseye (Lester) (Earth-616),\/Bullseye_(Lester)_(Earth-616),Secret Identity,Bad Characters,Blue Eyes,Blond Hair,Male Characters,,Living Characters,277,Mar-76,1976
164,2421,Adrian Toomes (Earth-616),\/Adrian_Toomes_(Earth-616),Public Identity,Bad Characters,Hazel Eyes,Bald,Male Characters,,Living Characters,248,May-63,1963
165,1514,Amora (Earth-616),\/Amora_(Earth-616),Public Identity,Bad Characters,Green Eyes,Blond Hair,Female Characters,,Living Characters,247,Apr-64,1964
174,2351,Aleksei Sytsevich (Earth-616),\/Aleksei_Sytsevich_(Earth-616),Secret Identity,Bad Characters,Brown Eyes,Brown Hair,Male Characters,,Deceased Characters,239,Oct-66,1966
188,1503,Maxwell Dillon (Earth-616),\/Maxwell_Dillon_(Earth-616),Public Identity,Bad Characters,Blue Eyes,Auburn Hair,Male Characters,,Living Characters,225,Feb-64,1964
191,1471,Vlad Dracula (Earth-616),\/Vlad_Dracula_(Earth-616),No Dual Identity,Bad Characters,Red Eyes,White Hair,Male Characters,,Living Characters,223,Mar-51,1951
204,1027,Carl Creel (Earth-616),\/Carl_Creel_(Earth-616),Public Identity,Bad Characters,Blue Eyes,Bald,Male Characters,,Living Characters,202,Apr-64,1964
212,1215,Frederick Dukes (Earth-616),\/Frederick_Dukes_(Earth-616),Public Identity,Bad Characters,Brown Eyes,Brown Hair,Male Characters,,Living Characters,194,Jan-64,1964
216,2099,Mandarin (Earth-616),\/Mandarin_(Earth-616),Secret Identity,Bad Characters,Blue Eyes,Black Hair,Male Characters,,Deceased Characters,190,Feb-64,1964
217,2006,The Wizard (Earth-616),\/The_Wizard_(Earth-616),Public Identity,Bad Characters,Hazel Eyes,Brown Hair,Male Characters,,Living Characters,189,Nov-62,1962
218,51769,Akihiro (Earth-616),\/Akihiro_(Earth-616),Secret Identity,Bad Characters,Blue Eyes,Black Hair,Male Characters,Bisexual Characters,Living Characters,189,Oct-06,2006
219,1943,Sergei Kravinoff (Earth-616),\/Sergei_Kravinoff_(Earth-616),Public Identity,Bad Characters,Brown Eyes,Black Hair,Male Characters,,Deceased Characters,188,Aug-64,1964
221,1142,Helmut Zemo (Earth-616),\/Helmut_Zemo_(Earth-616),Public Identity,Bad Characters,Blue Eyes,Blond Hair,Male Characters,,Living Characters,184,Dec-73,1973
224,1576,Ultron (Earth-616),\/Ultron_(Earth-616),No Dual Identity,Bad Characters,Red Eyes,No Hair,Male Characters,,Deceased Characters,181,Jul-68,1968
226,2715,Quentin Beck (Earth-616),\/Quentin_Beck_(Earth-616),Secret Identity,Bad Characters,Blue Eyes,Bald,Male Characters,,Living Characters,180,Jun-64,1964
232,2065,Ophelia Sarkissian (Earth-616),\/Ophelia_Sarkissian_(Earth-616),Secret Identity,Bad Characters,Green Eyes,Black Hair,Female Characters,,Living Characters,175,Feb-69,1969
240,1809,Hela (Earth-616),\/Hela_(Earth-616),Secret Identity,Bad Characters,Green Eyes,Black Hair,Female Characters,,Deceased Characters,170,Mar-64,1964
242,1760,Henry Gyrich (Earth-616),\/Henry_Gyrich_(Earth-616),No Dual Identity,Bad Characters,Green Eyes,Red Hair,Male Characters,,Living Characters,170,Nov-77,1977
247,2178,Harvey Elder (Earth-616),\/Harvey_Elder_(Earth-616),Secret Identity,Bad Characters,Brown Eyes,Grey Hair,Male Characters,,Living Characters,164,Nov-61,1961
248,1140,Wolfgang von Strucker (Earth-616),\/Wolfgang_von_Strucker_(Earth-616),Public Identity,Bad Characters,Blue Eyes,Bald,Male Characters,,Deceased Characters,164,Jan-64,1964
249,2015,Dirk Garthwaite (Earth-616),\/Dirk_Garthwaite_(Earth-616),Secret Identity,Bad Characters,Blue Eyes,Brown Hair,Male Characters,,Living Characters,164,Jan-68,1968
254,1874,Miles Warren (Earth-616),\/Miles_Warren_(Earth-616),Secret Identity,Bad Characters,Green Eyes,No Hair,Male Characters,,Living Characters,160,Dec-65,1965
256,1084,En Sabah Nur (Earth-616),\/En_Sabah_Nur_(Earth-616),Public Identity,Bad Characters,Red Eyes,Black Hair,Male Characters,,Deceased Characters,160,Jun-86,1986
261,2168,Calvin Zabo (Earth-616),\/Calvin_Zabo_(Earth-616),Secret Identity,Bad Characters,Brown Eyes,Brown Hair,Male Characters,,Living Characters,157,Dec-63,1963
262,1226,Frederick Myers (Earth-616),\/Frederick_Myers_(Earth-616),Secret Identity,Bad Characters,Brown Eyes,Brown Hair,Male Characters,,Living Characters,157,Jul-66,1966
266,119342,Veranke (Earth-616),\/Veranke_(Earth-616),No Dual Identity,Bad Characters,Green Eyes,Green Hair,Female Characters,,Deceased Characters,156,Jan-05,2005
267,2170,Nathaniel Essex (Earth-616),\/Nathaniel_Essex_(Earth-616),Secret Identity,Bad Characters,Red Eyes,Black Hair,Male Characters,,Living Characters,155,Sep-87,1987
271,1958,Samuel Sterns (Earth-616),\/Samuel_Sterns_(Earth-616),Public Identity,Bad Characters,Red Eyes,Black Hair,Male Characters,,Deceased Characters,152,Dec-64,1964
275,2494,Peter Petruski (Earth-616),\/Peter_Petruski_(Earth-616),Secret Identity,Bad Characters,Brown Eyes,Bald,Male Characters,,Living Characters,150,Jan-63,1963
277,2067,Giuletta Nefaria (Earth-616),\/Giuletta_Nefaria_(Earth-616),Secret Identity,Bad Characters,Grey Eyes,Black Hair,Female Characters,,Living Characters,149,Jan-68,1968
282,1316,Dmitri Smerdyakov (Earth-616),\/Dmitri_Smerdyakov_(Earth-616),Secret Identity,Bad Characters,Variable Eyes,Variable Hair,Male Characters,,Living Characters,146,Mar-63,1963
283,9967,Eliot Franklin (Thunderball) (Earth-616),\/Eliot_Franklin_(Thunderball)_(Earth-616),Public Identity,Bad Characters,Brown Eyes,Black Hair,Male Characters,,Living Characters,146,Nov-74,1974
285,2072,Madelyne Pryor (Earth-616),\/Madelyne_Pryor_(Earth-616),Public Identity,Bad Characters,Green Eyes,Red Hair,Female Characters,,Living Characters,146,Apr-83,1983
286,101355,Adolf Hitler (Earth-616),\/Adolf_Hitler_(Earth-616),No Dual Identity,Bad Characters,Brown Eyes,Brown Hair,Male Characters,,Deceased Characters,145,Sep-40,1940
287,2543,Herman Schultz (Earth-616),\/Herman_Schultz_(Earth-616),Public Identity,Bad Characters,Brown Eyes,Brown Hair,Male Characters,,Living Characters,145,Mar-67,1967
289,2320,Chen Lu (Earth-616),\/Chen_Lu_(Earth-616),Secret Identity,Bad Characters,Brown Eyes,Bald,Male Characters,,Living Characters,144,Jun-63,1963
290,1933,Ulysses Klaw (Earth-616),\/Ulysses_Klaw_(Earth-616),Public Identity,Bad Characters,Red Eyes,Bald,Male Characters,,Deceased Characters,143,Aug-66,1966
295,2175,George Tarleton (Earth-616),\/George_Tarleton_(Earth-616),Public Identity,Bad Characters,White Eyes,Brown Hair,Male Characters,,Living Characters,140,Sep-67,1967
302,7991,Burglar (Earth-616),\/Burglar_(Earth-616),Public Identity,Bad Characters,Blue Eyes,Blond Hair,Male Characters,,Deceased Characters,137,Aug-62,1962
305,2225,Nightmare (Earth-616),\/Nightmare_(Earth-616),Secret Identity,Bad Characters,Black Eyes,Black Hair,Male Characters,,Living Characters,136,Jul-63,1963
312,2061,Mad Thinker (Earth-616),\/Mad_Thinker_(Earth-616),Secret Identity,Bad Characters,Blue Eyes,Brown Hair,Male Characters,,Living Characters,133,Jun-63,1963
313,2737,Brian Calusky (Earth-616),\/Brian_Calusky_(Earth-616),Public Identity,Bad Characters,Blue Eyes,Blond Hair,Male Characters,,Living Characters,133,Nov-74,1974
317,1464,Dormammu (Earth-616),\/Dormammu_(Earth-616),No Dual Identity,Bad Characters,Yellow Eyes,No Hair,Male Characters,,Living Characters,132,Nov-64,1964
323,37620,Cletus Kasady (Earth-616),\/Cletus_Kasady_(Earth-616),Public Identity,Bad Characters,Green Eyes,No Hair,Male Characters,,Living Characters,129,Feb-91,1991
331,4011,Brock Rumlow (Earth-616),\/Brock_Rumlow_(Earth-616),Secret Identity,Bad Characters,Brown Eyes,Black Hair,Male Characters,,Living Characters,126,Oct-89,1989
344,2125,Jason Wyngarde (Earth-616),\/Jason_Wyngarde_(Earth-616),Secret Identity,Bad Characters,Brown Eyes,Grey Hair,Male Characters,,Deceased Characters,121,Mar-64,1964
347,27860,Parker Robbins (Earth-616),\/Parker_Robbins_(Earth-616),Secret Identity,Bad Characters,Brown Eyes,Brown Hair,Male Characters,,Living Characters,121,Jul-02,2002
350,1146,Georges Batroc (Earth-616),\/Georges_Batroc_(Earth-616),No Dual Identity,Bad Characters,Brown Eyes,Black Hair,Male Characters,,Living Characters,119,Mar-66,1966
352,1254,Henry Camp (Earth-616),\/Henry_Camp_(Earth-616),Public Identity,Bad Characters,Brown Eyes,Black Hair,Male Characters,,Deceased Characters,119,Nov-74,1974
359,2474,Todd Arliss (Earth-616),\/Todd_Arliss_(Earth-616),Secret Identity,Bad Characters,Grey Eyes,No Hair,Male Characters,,Living Characters,116,Sep-68,1968
360,1786,Hammerhead (Joseph) (Earth-616),\/Hammerhead_(Joseph)_(Earth-616),Secret Identity,Bad Characters,Blue Eyes,Black Hair,Male Characters,,Living Characters,116,Oct-72,1972
361,1141,Heinrich Zemo (Earth-616),\/Heinrich_Zemo_(Earth-616),Public Identity,Bad Characters,Blue Eyes,Grey Hair,Male Characters,,Deceased Characters,115,Mar-64,1964
362,1025,Emil Blonsky (Earth-616),\/Emil_Blonsky_(Earth-616),Secret Identity,Bad Characters,Blue Eyes,Blond Hair,Male Characters,,Living Characters,115,Apr-67,1967
368,2484,Lonnie Lincoln (Earth-616),\/Lonnie_Lincoln_(Earth-616),Public Identity,Bad Characters,Pink Eyes,White Hair,Male Characters,,Living Characters,113,Mar-88,1988
375,1091,Arcade (Earth-616),\/Arcade_(Earth-616),Secret Identity,Bad Characters,Blue Eyes,Red Hair,Male Characters,,Living Characters,111,Jan-78,1978
376,4703,Mary Walker (Earth-616),\/Mary_Walker_(Earth-616),Secret Identity,Bad Characters,Brown Eyes,Brown Hair,Female Characters,,Living Characters,111,May-88,1988
379,9851,Morris Bench (Earth-616),\/Morris_Bench_(Earth-616),Public Identity,Bad Characters,Brown Eyes,Brown Hair,Male Characters,,Living Characters,110,Jan-81,1981
380,1984,David Cannon (Earth-616),\/David_Cannon_(Earth-616),Public Identity,Bad Characters,Blue Eyes,Brown Hair,Male Characters,,Living Characters,109,Dec-63,1963
382,1825,Roderick Kingsley (Earth-616),\/Roderick_Kingsley_(Earth-616),Public Identity,Bad Characters,Blue Eyes,Grey Hair,Male Characters,,Living Characters,108,Jun-80,1980
385,5513,Mary MacPherran (Earth-616),\/Mary_MacPherran_(Earth-616),Secret Identity,Bad Characters,Blue Eyes,Strawberry Blond Hair,Female Characters,,Living Characters,108,Jul-84,1984
389,1610,Leland Owlsley (Earth-616),\/Leland_Owlsley_(Earth-616),Public Identity,Bad Characters,Blue Eyes,Brown Hair,Male Characters,,Living Characters,107,Aug-64,1964
390,2389,Karl Lykos (Earth-616),\/Karl_Lykos_(Earth-616),Secret Identity,Bad Characters,Brown Eyes,Brown Hair,Male Characters,,Living Characters,107,Aug-69,1969
391,1877,Jason Macendale Jr. (Earth-616),\/Jason_Macendale_Jr._(Earth-616),Secret Identity,Bad Characters,Brown Eyes,Black Hair,Male Characters,,Deceased Characters,107,Feb-81,1981
407,2314,Phillip Masters (Earth-616),\/Phillip_Masters_(Earth-616),Public Identity,Bad Characters,Brown Eyes,Bald,Male Characters,,Deceased Characters,102,Nov-62,1962
409,1138,Karl Mordo (Earth-616),\/Karl_Mordo_(Earth-616),Secret Identity,Bad Characters,Brown Eyes,Black Hair,Male Characters,,Deceased Characters,100,Aug-63,1963
419,1955,Yuriko Oyama (Earth-616),\/Yuriko_Oyama_(Earth-616),Secret Identity,Bad Characters,Brown Eyes,Black Hair,Female Characters,,Living Characters,99,Aug-83,1983
424,4149,Phillip Urich (Earth-616),\/Phillip_Urich_(Earth-616),Secret Identity,Bad Characters,Green Eyes,Brown Hair,Male Characters,,Living Characters,98,Jun-95,1995
434,1745,Paul Duval (Earth-616),\/Paul_Duval_(Earth-616),Secret Identity,Bad Characters,Blue Eyes,Brown Hair,Male Characters,,Living Characters,96,Aug-64,1964
435,1207,Blastaar (Earth-616),\/Blastaar_(Earth-616),Secret Identity,Bad Characters,Grey Eyes,Grey Hair,Male Characters,,Living Characters,96,May-67,1967
443,1120,Attuma (Earth-616),\/Attuma_(Earth-616),No Dual Identity,Bad Characters,Brown Eyes,Black Hair,Male Characters,,Living Characters,94,Dec-64,1964
452,1748,Eric Williams (Earth-616),\/Eric_Williams_(Earth-616),Public Identity,Bad Characters,Blue Eyes,Grey Hair,Male Characters,,Living Characters,92,May-68,1968
456,2520,Selene Gallio (Earth-616),\/Selene_Gallio_(Earth-616),Secret Identity,Bad Characters,Brown Eyes,Black Hair,Female Characters,,Living Characters,92,Nov-83,1983
457,44158,Norman Harold Osborn (Earth-616),\/Norman_Harold_Osborn_(Earth-616),No Dual Identity,Bad Characters,Blue Eyes,Brown Hair,Male Characters,,Living Characters,92,Apr-85,1985
460,1573,Ulik (Earth-616),\/Ulik_(Earth-616),Public Identity,Bad Characters,Brown Eyes,Brown Hair,Male Characters,,Deceased Characters,91,Feb-67,1967
462,24456,Sinthea Shmidt (Earth-616),\/Sinthea_Shmidt_(Earth-616),Public Identity,Bad Characters,Brown Eyes,No Hair,Female Characters,,Living Characters,91,Feb-84,1984
465,1341,Klaus Voorhees (Earth-616),\/Klaus_Voorhees_(Earth-616),Public Identity,Bad Characters,Blue Eyes,Bald,Male Characters,,Living Characters,89,Nov-63,1963
467,1529,Skurge (Earth-616),\/Skurge_(Earth-616),Secret Identity,Bad Characters,Blue Eyes,Black Hair,Male Characters,,Deceased Characters,88,Apr-64,1964
468,2028,Arthur Parks (Earth-616),\/Arthur_Parks_(Earth-616),,Bad Characters,Variable Eyes,Variable Hair,Male Characters,,Living Characters,88,Nov-66,1966
473,1776,Donald Pierce (Earth-616),\/Donald_Pierce_(Earth-616),Secret Identity,Bad Characters,Blue Eyes,Blond Hair,Male Characters,,Deceased Characters,86,Jan-80,1980
476,3891,Bastion (Earth-616),\/Bastion_(Earth-616),Secret Identity,Bad Characters,Hazel Eyes,White Hair,Male Characters,,Deceased Characters,85,May-96,1996
478,2385,Satana Hellstrom (Earth-616),\/Satana_Hellstrom_(Earth-616),No Dual Identity,Bad Characters,Red Eyes,Red Hair,Female Characters,,Living Characters,84,Oct-73,1973
487,15203,Zheng Zu (Earth-616),\/Zheng_Zu_(Earth-616),Secret Identity,Bad Characters,Green Eyes,Black Hair,Male Characters,,Deceased Characters,82,Dec-73,1973
492,2294,Zelda DuBois (Earth-616),\/Zelda_DuBois_(Earth-616),Public Identity,Bad Characters,Green Eyes,Auburn Hair,Female Characters,,Living Characters,81,Mar-65,1965
496,2632,Surtur (Earth-616),\/Surtur_(Earth-616),No Dual Identity,Bad Characters,Yellow Eyes,Red Hair,Male Characters,,Deceased Characters,79,Oct-63,1963
502,7720,Michael Badilino (Earth-616),\/Michael_Badilino_(Earth-616),Secret Identity,Bad Characters,Brown Eyes,Black Hair,Male Characters,,Deceased Characters,78,Jan-92,1992
506,1622,Maria Callasantos (Earth-616),\/Maria_Callasantos_(Earth-616),Secret Identity,Bad Characters,Brown Eyes,Brown Hair,Female Characters,,Deceased Characters,77,Mar-91,1991
508,2508,Ebenezer Laughton (Earth-616),\/Ebenezer_Laughton_(Earth-616),Secret Identity,Bad Characters,Brown Eyes,Brown Hair,Male Characters,,Living Characters,76,Mar-64,1964
509,9518,Pluto (Olympian) (Earth-616),\/Pluto_(Olympian)_(Earth-616),Secret Identity,Bad Characters,Grey Eyes,Black Hair,Male Characters,,Deceased Characters,76,Apr-66,1966
510,1107,Arnim Zola (Earth-616),\/Arnim_Zola_(Earth-616),No Dual Identity,Bad Characters,,No Hair,Male Characters,,Living Characters,76,Apr-77,1977
514,1197,Thomas Cassidy (Earth-616),\/Thomas_Cassidy_(Earth-616),Public Identity,Bad Characters,Blue Eyes,Black Hair,Male Characters,,Living Characters,75,Jun-76,1976
518,1747,John Horton (Earth-616),\/John_Horton_(Earth-616),Public Identity,Bad Characters,Yellow Eyes,Yellow Hair,Male Characters,,Living Characters,74,Nov-72,1972
523,3333,Samuel Smithers (Earth-616),\/Samuel_Smithers_(Earth-616),Public Identity,Bad Characters,Green Eyes,Grey Hair,Male Characters,,Living Characters,73,Oct-63,1963
524,2610,Wilbur Day (Earth-616),\/Wilbur_Day_(Earth-616),Public Identity,Bad Characters,Blue Eyes,Bald,Male Characters,,Deceased Characters,73,Jun-65,1965
525,2742,Silvio Manfredi (Earth-616),\/Silvio_Manfredi_(Earth-616),Public Identity,Bad Characters,Blue Eyes,Silver Hair,Male Characters,,Living Characters,73,Jun-69,1969
526,2363,Richard Fisk (Earth-616),\/Richard_Fisk_(Earth-616),Secret Identity,Bad Characters,Blue Eyes,Blond Hair,Male Characters,,Deceased Characters,73,Apr-70,1970
534,1434,Esteban Coraz\u00f3n de Ablo (Earth-616),\/Esteban_Coraz%C3%B3n_de_Ablo_(Earth-616),Secret Identity,Bad Characters,Brown Eyes,Black Hair,Male Characters,,Living Characters,72,Sep-64,1964
535,2143,Marvin Flumm (Earth-616),\/Marvin_Flumm_(Earth-616),Secret Identity,Bad Characters,Brown Eyes,Black Hair,Male Characters,,Living Characters,72,Feb-66,1966
538,1270,Cameron Hodge (Earth-616),\/Cameron_Hodge_(Earth-616),Public Identity,Bad Characters,Blue Eyes,Grey Hair,Male Characters,,Deceased Characters,72,Feb-86,1986
543,2339,Ivan Kragoff (Earth-616),\/Ivan_Kragoff_(Earth-616),Secret Identity,Bad Characters,Brown Eyes,Grey Hair,Male Characters,,Living Characters,71,Apr-63,1963
544,10092,Marco Scarlotti (Earth-616),\/Marco_Scarlotti_(Earth-616),Public Identity,Bad Characters,Blue Eyes,Blond Hair,Male Characters,,Deceased Characters,71,Jan-68,1968
548,2481,Boris Bullski (Earth-616),\/Boris_Bullski_(Earth-616),Secret Identity,Bad Characters,Blue Eyes,Brown Hair,Male Characters,,Living Characters,70,Sep-65,1965
553,1627,Fin Fang Foom (Earth-616),\/Fin_Fang_Foom_(Earth-616),Secret Identity,Bad Characters,Red Eyes,No Hair,Male Characters,,Living Characters,69,Oct-61,1961
555,2059,Samuel Saxon (Earth-616),\/Samuel_Saxon_(Earth-616),Public Identity,Bad Characters,Brown Eyes,Bald,Male Characters,,Living Characters,69,Feb-69,1969
557,1066,Blanche Sitznski (Earth-616),\/Blanche_Sitznski_(Earth-616),Secret Identity,Bad Characters,Green Eyes,Blond Hair,Female Characters,,Living Characters,69,Jun-80,1980
560,1530,Bennet du Paris (Earth-616),\/Bennet_du_Paris_(Earth-616),Secret Identity,Bad Characters,White Eyes,Black Hair,Male Characters,,Living Characters,69,Jul-93,1993
564,2100,Jerome Beechman (Earth-616),\/Jerome_Beechman_(Earth-616),Public Identity,Bad Characters,Black Eyes,Brown Hair,Male Characters,,Living Characters,68,Jun-73,1973
565,2449,Tyros (Earth-616),\/Tyros_(Earth-616),Public Identity,Bad Characters,Grey Eyes,No Hair,Male Characters,,Deceased Characters,68,Oct-79,1979
570,117507,Criti Noll (Clone) (Earth-616),\/Criti_Noll_(Clone)_(Earth-616),Secret Identity,Bad Characters,Green Eyes,No Hair,Female Characters,,Deceased Characters,68,Sep-06,2006
575,1355,Basil Sandhurst (Earth-616),\/Basil_Sandhurst_(Earth-616),Secret Identity,Bad Characters,White Eyes,Black Hair,Male Characters,,Living Characters,67,Apr-69,1969
578,2526,Shadow King (Earth-616),\/Shadow_King_(Earth-616),,Bad Characters,Red Eyes,No Hair,Male Characters,,Living Characters,67,Jan-79,1979
579,3145,William Cross (Earth-616),\/William_Cross_(Earth-616),Secret Identity,Bad Characters,Blue Eyes,White Hair,Male Characters,,Living Characters,67,Jun-79,1979
583,2504,Romulus Augustulus (Earth-616),\/Romulus_Augustulus_(Earth-616),Secret Identity,Bad Characters,Brown Eyes,Blond Hair,Male Characters,,Living Characters,66,Jan-63,1963
584,5625,Super-Adaptoid (Earth-616),\/Super-Adaptoid_(Earth-616),Secret Identity,Bad Characters,Black Eyes,No Hair,Male Characters,,Living Characters,66,Oct-66,1966
590,2188,Morgan le Fay (Earth-616),\/Morgan_le_Fay_(Earth-616),No Dual Identity,Bad Characters,Green Eyes,Purple Hair,Female Characters,,Living Characters,65,May-55,1955
591,1365,Luchino Nefaria (Earth-616),\/Luchino_Nefaria_(Earth-616),Public Identity,Bad Characters,Blue Eyes,Black Hair,Male Characters,,Living Characters,65,Feb-65,1965
593,5417,Douglas Scott (Earth-616),\/Douglas_Scott_(Earth-616),Secret Identity,Bad Characters,Blue Eyes,Bald,Male Characters,,Living Characters,65,Oct-81,1981
597,1769,Justin Hammer (Earth-616),\/Justin_Hammer_(Earth-616),Public Identity,Bad Characters,Blue Eyes,Grey Hair,Male Characters,,Deceased Characters,64,Mar-79,1979
598,2669,Michael Steel (Earth-616),\/Michael_Steel_(Earth-616),Secret Identity,Bad Characters,White Eyes,No Hair,Male Characters,,Living Characters,64,Dec-80,1980
601,104599,Lily Hollister (Earth-616),\/Lily_Hollister_(Earth-616),Public Identity,Bad Characters,Brown Eyes,Black Hair,Female Characters,,Living Characters,64,Jan-08,2008
602,2502,Tyr Odinson (Earth-616),\/Tyr_Odinson_(Earth-616),Secret Identity,Bad Characters,Blue Eyes,Black Hair,Male Characters,,Deceased Characters,63,Oct-62,1962
604,2316,Zebediah Killgrave (Earth-616),\/Zebediah_Killgrave_(Earth-616),Public Identity,Bad Characters,Purple Eyes,Purple Hair,Male Characters,,Living Characters,63,Oct-64,1964
605,1738,En Dwi Gast (Earth-616),\/En_Dwi_Gast_(Earth-616),Secret Identity,Bad Characters,Red Eyes,White Hair,Male Characters,,Living Characters,63,Oct-69,1969
608,1739,Franklin Hall (Earth-616),\/Franklin_Hall_(Earth-616),Public Identity,Bad Characters,Blue Eyes,White Hair,Male Characters,,Living Characters,63,Apr-77,1977
611,10106,Simon Utrecht (Earth-616),\/Simon_Utrecht_(Earth-616),Secret Identity,Bad Characters,Brown Eyes,Grey Hair,Male Characters,,Living Characters,63,Dec-80,1980
612,2403,Vertigo (Savage Land Mutate) (Earth-616),\/Vertigo_(Savage_Land_Mutate)_(Earth-616),Secret Identity,Bad Characters,Blue Eyes,Green Hair,Female Characters,,Deceased Characters,63,Mar-82,1982
615,2141,Bruno Horgan (Earth-616),\/Bruno_Horgan_(Earth-616),Secret Identity,Bad Characters,Brown Eyes,Brown Hair,Male Characters,,Deceased Characters,62,Nov-63,1963
618,2692,Man-Beast (Earth-616),\/Man-Beast_(Earth-616),Secret Identity,Bad Characters,Red Eyes,Brown Hair,Male Characters,,Living Characters,62,Nov-66,1966
623,1599,Arkady Rossovich (Earth-616),\/Arkady_Rossovich_(Earth-616),Secret Identity,Bad Characters,Red Eyes,Blond Hair,Male Characters,,Deceased Characters,62,Jan-92,1992
627,1556,Plan Chu (Earth-616),\/Plan_Chu_(Earth-616),Secret Identity,Bad Characters,Blue Eyes,Bald,Male Characters,,Deceased Characters,61,Oct-56,1956
630,10108,James Darnell (Earth-616),\/James_Darnell_(Earth-616),Secret Identity,Bad Characters,Brown Eyes,Brown Hair,Male Characters,,Living Characters,61,Dec-80,1980
631,57175,Carnage (Symbiote) (Earth-616),\/Carnage_(Symbiote)_(Earth-616),Public Identity,Bad Characters,White Eyes,No Hair,Agender Characters,,Living Characters,61,Mar-92,1992
635,2234,Robert Hunter (Earth-616),\/Robert_Hunter_(Earth-616),Public Identity,Bad Characters,Blue Eyes,White Hair,Male Characters,,Living Characters,60,Sep-74,1974
636,1602,Onslaught (Psychic Entity) (Earth-616),\/Onslaught_(Psychic_Entity)_(Earth-616),Secret Identity,Bad Characters,Red Eyes,No Hair,Male Characters,,Living Characters,60,May-96,1996
640,1944,Kro (Earth-616),\/Kro_(Earth-616),Secret Identity,Bad Characters,Red Eyes,Bald,Male Characters,,Living Characters,59,Aug-40,1940
643,2677,Billy Russo (Earth-616),\/Billy_Russo_(Earth-616),Secret Identity,Bad Characters,Blue Eyes,Black Hair,Male Characters,,Deceased Characters,59,Oct-76,1976
644,2585,Anath-Na Mut (Earth-616),\/Anath-Na_Mut_(Earth-616),Secret Identity,Bad Characters,Red Eyes,Bald,Male Characters,,Living Characters,59,Feb-77,1977
661,8096,Daniel Brito (Earth-616),\/Daniel_Brito_(Earth-616),Public Identity,Bad Characters,Brown Eyes,Black Hair,Male Characters,,Deceased Characters,57,Mar-64,1964
662,8189,Jackson Brice (Earth-616),\/Jackson_Brice_(Earth-616),Public Identity,Bad Characters,Brown Eyes,Brown Hair,Male Characters,,Deceased Characters,57,Mar-64,1964
665,1094,Philippa Sontag (Earth-616),\/Philippa_Sontag_(Earth-616),Secret Identity,Bad Characters,Violet Eyes,Black Hair,Female Characters,,Living Characters,57,Oct-86,1986
669,2655,Hera Argeia (Earth-616),\/Hera_Argeia_(Earth-616),Secret Identity,Bad Characters,Blue Eyes,Blond Hair,Female Characters,,Living Characters,56,Apr-49,1949
670,1451,Johann Fennhoff (Earth-616),\/Johann_Fennhoff_(Earth-616),Public Identity,Bad Characters,Blue Eyes,Red Hair,Male Characters,,Living Characters,56,Nov-68,1968
675,2209,Nebula (Earth-616),\/Nebula_(Earth-616),Secret Identity,Bad Characters,Blue Eyes,Bald,Female Characters,,Living Characters,56,Jul-85,1985
676,3923,Blackout (Lilin) (Earth-616),\/Blackout_(Lilin)_(Earth-616),Secret Identity,Bad Characters,Red Eyes,White Hair,Male Characters,,Living Characters,56,Jun-90,1990
677,5562,Garrison Kane (Earth-616),\/Garrison_Kane_(Earth-616),Secret Identity,Bad Characters,Blue Eyes,Black Hair,Male Characters,,Deceased Characters,56,Sep-91,1991
681,14945,Psycho-Man (Earth-616),\/Psycho-Man_(Earth-616),Secret Identity,Bad Characters,Yellow Eyes,,Male Characters,,Living Characters,55,Nov-67,1967
692,107958,Mister Negative (Earth-616),\/Mister_Negative_(Earth-616),Secret Identity,Bad Characters,Brown Eyes,Black Hair,Male Characters,,Living Characters,54,Jun-07,2007
696,2525,Seth (Earth-616),\/Seth_(Earth-616),No Dual Identity,Bad Characters,Brown Eyes,Red Hair,Male Characters,,Living Characters,53,Oct-75,1975
714,7419,Turk Barrett (Earth-616),\/Turk_Barrett_(Earth-616),Public Identity,Bad Characters,Brown Eyes,Black Hair,Male Characters,,Living Characters,52,Oct-70,1970
719,1511,Manuel de la Rocha (Earth-616),\/Manuel_de_la_Rocha_(Earth-616),Secret Identity,Bad Characters,Brown Eyes,Brown Hair,Male Characters,,Living Characters,52,Jun-84,1984
720,1797,Kodiak Noatak (Earth-616),\/Kodiak_Noatak_(Earth-616),Secret Identity,Bad Characters,,Red Hair,Male Characters,,Living Characters,52,Oct-86,1986
721,1367,Graydon Creed (Earth-616),\/Graydon_Creed_(Earth-616),No Dual Identity,Bad Characters,Blue Eyes,Brown Hair,Male Characters,,Deceased Characters,52,Jan-93,1993
722,1897,Max Eisenhardt (Joseph) (Earth-616),\/Max_Eisenhardt_(Joseph)_(Earth-616),Secret Identity,Bad Characters,Blue Eyes,White Hair,Male Characters,,Living Characters,52,Dec-95,1995
723,2493,Seward Trainer (Earth-616),\/Seward_Trainer_(Earth-616),No Dual Identity,Bad Characters,Brown Eyes,Brown Hair,Male Characters,,Deceased Characters,52,Jan-95,1995
725,1582,Gunther Bain (Earth-616),\/Gunther_Bain_(Earth-616),Secret Identity,Bad Characters,Blue Eyes,Black Hair,Male Characters,,Deceased Characters,51,Nov-64,1964
728,1536,Maximillian Zaran (Earth-616),\/Maximillian_Zaran_(Earth-616),No Dual Identity,Bad Characters,Blue Eyes,Red Hair,Male Characters,,Living Characters,51,Jun-79,1979
741,2035,Llyra Morris (Earth-616),\/Llyra_Morris_(Earth-616),No Dual Identity,Bad Characters,Green Eyes,Green Hair,Female Characters,,Living Characters,50,Dec-70,1970
746,19486,Alexei Kravinoff (Earth-616),\/Alexei_Kravinoff_(Earth-616),Public Identity,Bad Characters,Brown Eyes,Black Hair,Male Characters,,Living Characters,50,Feb-97,1997
759,2628,Deidre Wentworth (Earth-616),\/Deidre_Wentworth_(Earth-616),Secret Identity,Bad Characters,Blue Eyes,Black Hair,Female Characters,Homosexual Characters,Living Characters,49,Jul-91,1991
760,1363,Fabian Cortez (Earth-616),\/Fabian_Cortez_(Earth-616),Public Identity,Bad Characters,Blue Eyes,Brown Hair,Male Characters,,Deceased Characters,49,Oct-91,1991
768,1577,Umar (Earth-616),\/Umar_(Earth-616),Public Identity,Bad Characters,Green Eyes,Black Hair,Female Characters,,Living Characters,48,Nov-66,1966
769,18102,Satannish (Earth-616),\/Satannish_(Earth-616),Secret Identity,Bad Characters,Multiple Eyes,,Male Characters,,Deceased Characters,48,Nov-68,1968
771,12979,Blood Brothers (Earth-616),\/Blood_Brothers_(Earth-616),,Bad Characters,Red Eyes,No Hair,Male Characters,,Living Characters,48,Feb-73,1973
772,2214,Nekra Sinclair (Earth-616),\/Nekra_Sinclair_(Earth-616),Secret Identity,Bad Characters,Black Eyes,Black Hair,Female Characters,,Deceased Characters,48,Aug-73,1973
780,2045,Lorelei (Asgardian) (Earth-616),\/Lorelei_(Asgardian)_(Earth-616),No Dual Identity,Bad Characters,Blue Eyes,Red Hair,Female Characters,,Living Characters,48,Nov-83,1983
783,19524,Frances Barrison (Earth-616),\/Frances_Barrison_(Earth-616),Public Identity,Bad Characters,Blue Eyes,Blue Hair,Female Characters,,Living Characters,48,May-93,1993
790,103136,Thakorr (Earth-616),\/Thakorr_(Earth-616),No Dual Identity,Bad Characters,,No Hair,Male Characters,,Deceased Characters,48,,
794,16582,Baron Karza (Earth-616),\/Baron_Karza_(Earth-616),No Dual Identity,Bad Characters,Red Eyes,Black Hair,Male Characters,,Living Characters,47,Jan-79,1979
799,12123,Regan Wyngarde (Earth-616),\/Regan_Wyngarde_(Earth-616),Secret Identity,Bad Characters,Blue Eyes,Blond Hair,Female Characters,,Living Characters,47,Dec-01,2001
805,2276,Edgar Plunder (Earth-616),\/Edgar_Plunder_(Earth-616),Secret Identity,Bad Characters,Black Eyes,Grey Hair,Male Characters,,Living Characters,46,Jan-66,1966
821,1499,Elihas Starr (Earth-616),\/Elihas_Starr_(Earth-616),Public Identity,Bad Characters,Blue Eyes,Bald,Male Characters,,Deceased Characters,45,Dec-62,1962
825,5399,Stuart Clarke (Earth-616),\/Stuart_Clarke_(Earth-616),Public Identity,Bad Characters,Blue Eyes,Black Hair,Male Characters,,Deceased Characters,45,Apr-76,1976
826,2090,Malekith (Earth-616),\/Malekith_(Earth-616),No Dual Identity,Bad Characters,Blue Eyes,Blond Hair,Male Characters,,Living Characters,45,Jun-84,1984
827,17454,Oswald Silkworth (Earth-616),\/Oswald_Silkworth_(Earth-616),Secret Identity,Bad Characters,Brown Eyes,Bald,Male Characters,,Deceased Characters,45,Feb-84,1984
832,21052,Gabriel Summers (Earth-616),\/Gabriel_Summers_(Earth-616),Public Identity,Bad Characters,Blue Eyes,Brown Hair,Male Characters,,Deceased Characters,45,Jan-06,2006
833,61995,Miek (Earth-616),\/Miek_(Earth-616),No Dual Identity,Bad Characters,Yellow Eyes,No Hair,Male Characters,,Deceased Characters,45,Apr-06,2006
835,126872,Maki Matsumoto (Earth-616),\/Maki_Matsumoto_(Earth-616),Secret Identity,Bad Characters,Brown Eyes,Black Hair,Female Characters,,Living Characters,45,Nov-08,2008
837,7181,Robert Baxter (Earth-616),\/Robert_Baxter_(Earth-616),Secret Identity,Bad Characters,Blue Eyes,Black Hair,Male Characters,,Living Characters,44,Nov-44,1944
838,15058,Mordred (Earth-616),\/Mordred_(Earth-616),Public Identity,Bad Characters,Blue Eyes,Black Hair,Male Characters,,Deceased Characters,44,May-55,1955
841,2030,Ahmet Abdol (Earth-616),\/Ahmet_Abdol_(Earth-616),Public Identity,Bad Characters,Red Eyes,Bald,Male Characters,,Living Characters,44,Mar-69,1969
845,1135,John Falsworth (Earth-616),\/John_Falsworth_(Earth-616),Secret Identity,Bad Characters,Blue Eyes,Black Hair,Male Characters,,Deceased Characters,44,Jul-76,1976
846,4610,Eshu (Earth-616),\/Eshu_(Earth-616),Secret Identity,Bad Characters,Green Eyes,Black Hair,Male Characters,,Deceased Characters,44,Sep-83,1983
854,14412,Void (Dark Sentry) (Earth-616),\/Void_(Dark_Sentry)_(Earth-616),Secret Identity,Bad Characters,Orange Eyes,Black Hair,Male Characters,,Deceased Characters,44,Sep-00,2000
859,1578,Milos Masaryk (Earth-616),\/Milos_Masaryk_(Earth-616),Secret Identity,Bad Characters,Blue Eyes,Black Hair,Male Characters,,Living Characters,43,Aug-64,1964
861,183246,Noah Black (Earth-616),\/Noah_Black_(Earth-616),Secret Identity,Bad Characters,Brown Eyes,Bald,Male Characters,,Living Characters,43,Jul-68,1968
869,1360,Jackson Day (Earth-616),\/Jackson_Day_(Earth-616),Secret Identity,Bad Characters,Red Eyes,White Hair,Male Characters,,Living Characters,43,Dec-76,1976
870,2369,Thursday Rubinstein (Earth-616),\/Thursday_Rubinstein_(Earth-616),Secret Identity,Bad Characters,,No Hair,Female Characters,,Living Characters,43,Feb-76,1976
872,1155,Belasco (Earth-616),\/Belasco_(Earth-616),Secret Identity,Bad Characters,Black Eyes,Brown Hair,Male Characters,,Living Characters,43,Feb-82,1982
873,1498,Edward Lavell (Earth-616),\/Edward_Lavell_(Earth-616),Public Identity,Bad Characters,Brown Eyes,Brown Hair,Male Characters,,Living Characters,43,Apr-83,1983
874,15272,Frank Simpson (Earth-616),\/Frank_Simpson_(Earth-616),Secret Identity,Bad Characters,Blue Eyes,Blond Hair,Male Characters,,Deceased Characters,43,Jul-86,1986
875,1382,Silas Burr (Earth-616),\/Silas_Burr_(Earth-616),Secret Identity,Bad Characters,Blue Eyes,Black Hair,Male Characters,,Deceased Characters,43,Sep-91,1991
876,2491,Carolyn Trainer (Earth-616),\/Carolyn_Trainer_(Earth-616),Secret Identity,Bad Characters,,Pink Hair,Female Characters,,Living Characters,43,Sep-95,1995
879,16464,Tomi Shishido (Earth-616),\/Tomi_Shishido_(Earth-616),Secret Identity,Bad Characters,Green Eyes,Black Hair,Male Characters,,Living Characters,43,Dec-04,2004
890,1773,Blackheart (Earth-616),\/Blackheart_(Earth-616),No Dual Identity,Bad Characters,Red Eyes,Black Hair,Male Characters,,Living Characters,42,Sep-89,1989
891,2337,Pantu Hurageb (Earth-616),\/Pantu_Hurageb_(Earth-616),,Bad Characters,Brown Eyes,Black Hair,Male Characters,,Living Characters,42,Feb-90,1990
895,129903,Algernon Crowe (Earth-616),\/Algernon_Crowe_(Earth-616),Public Identity,Bad Characters,Brown Eyes,Brown Hair,Male Characters,,Living Characters,42,Jul-92,1992
896,3978,Justine Hammer (Earth-616),\/Justine_Hammer_(Earth-616),Secret Identity,Bad Characters,Blue Eyes,Black Hair,Female Characters,,Deceased Characters,42,Jun-97,1997
904,1262,Byrrah (Earth-616),\/Byrrah_(Earth-616),Public Identity,Bad Characters,Blue Eyes,Blond Hair,Male Characters,,Living Characters,41,Aug-54,1954
909,2716,Daniel Berkhart (Earth-616),\/Daniel_Berkhart_(Earth-616),Secret Identity,Bad Characters,Blue Eyes,Brown Hair,Male Characters,,Deceased Characters,41,Feb-75,1975
911,1926,Simon Maddicks (Earth-616),\/Simon_Maddicks_(Earth-616),Secret Identity,Bad Characters,Brown Eyes,Brown Hair,Male Characters,,Living Characters,41,Jan-77,1977
913,1594,Obadiah Stane (Earth-616),\/Obadiah_Stane_(Earth-616),Public Identity,Bad Characters,Blue Eyes,Bald,Male Characters,,Deceased Characters,41,Oct-82,1982
914,2124,Martin Preston (Earth-616),\/Martin_Preston_(Earth-616),Secret Identity,Bad Characters,Blue Eyes,Black Hair,Male Characters,,Living Characters,41,Jan-86,1986
915,19217,Nick Katzenberg (Earth-616),\/Nick_Katzenberg_(Earth-616),Public Identity,Bad Characters,Brown Eyes,Brown Hair,Male Characters,,Living Characters,41,May-89,1989
919,7140,Kuan-Yin Xorn (Earth-616),\/Kuan-Yin_Xorn_(Earth-616),Secret Identity,Bad Characters,,,Male Characters,,Deceased Characters,41,Sep-01,2001
926,1497,Leopold Stryke (Earth-616),\/Leopold_Stryke_(Earth-616),Public Identity,Bad Characters,Green Eyes,Brown Hair,Male Characters,,Deceased Characters,40,Sep-63,1963
927,2734,Raymond Bloch (Earth-616),\/Raymond_Bloch_(Earth-616),Public Identity,Bad Characters,Brown Eyes,Brown Hair,Male Characters,,Deceased Characters,40,Mar-64,1964
928,21486,Mendel Stromm (Earth-616),\/Mendel_Stromm_(Earth-616),Secret Identity,Bad Characters,Red Eyes,Bald,Male Characters,,Living Characters,40,Jun-66,1966
930,24592,Yon-Rogg (Earth-616),\/Yon-Rogg_(Earth-616),Public Identity,Bad Characters,,Brown Hair,Male Characters,,Living Characters,40,Dec-67,1967
931,1134,Barbarus (Earth-616),\/Barbarus_(Earth-616),Secret Identity,Bad Characters,Brown Eyes,Brown Hair,Male Characters,,Living Characters,40,Nov-69,1969
936,1759,Sybil Dvorak (Earth-616),\/Sybil_Dvorak_(Earth-616),Secret Identity,Bad Characters,Brown Eyes,Brown Hair,Female Characters,Bisexual Characters,Living Characters,40,Jan-79,1979
937,18866,Daniel Leighton (Earth-616),\/Daniel_Leighton_(Earth-616),Secret Identity,Bad Characters,Blue Eyes,Brown Hair,Male Characters,,Living Characters,40,Jan-80,1980
938,2598,Johnathon Ohnn (Earth-616),\/Johnathon_Ohnn_(Earth-616),Secret Identity,Bad Characters,Blue Eyes,Brown Hair,Male Characters,,Living Characters,40,Jan-85,1985
942,2026,Kiskillilla (Earth-616),\/Kiskillilla_(Earth-616),Secret Identity,Bad Characters,Yellow Eyes,Black Hair,Female Characters,,Deceased Characters,40,Aug-92,1992
943,16964,Sarah Ryall (Earth-616),\/Sarah_Ryall_(Earth-616),Public Identity,Bad Characters,Blue Eyes,Blond Hair,Female Characters,,Living Characters,40,Dec-92,1992
956,19228,Jacob Conover (Earth-616),\/Jacob_Conover_(Earth-616),Secret Identity,Bad Characters,,Black Hair,Male Characters,,Living Characters,39,Mar-76,1976
957,30250,Miss Locke (Earth-616),\/Miss_Locke_(Earth-616),Secret Identity,Bad Characters,,Black Hair,Female Characters,,Deceased Characters,39,Jan-78,1978
959,13464,Aaron Nicholson (Earth-616),\/Aaron_Nicholson_(Earth-616),Secret Identity,Bad Characters,Brown Eyes,Black Hair,Male Characters,,Living Characters,39,Jun-84,1984
961,1702,Ghaur (Earth-616),\/Ghaur_(Earth-616),Secret Identity,Bad Characters,Yellow Eyes,Blue Hair,Male Characters,,Living Characters,39,Nov-85,1985
962,1260,Quincy McIver (Earth-616),\/Quincy_McIver_(Earth-616),Secret Identity,Bad Characters,Brown Eyes,Black Hair,Male Characters,,Living Characters,39,Oct-85,1985
963,5705,Ulysses Lugman (Earth-616),\/Ulysses_Lugman_(Earth-616),Secret Identity,Bad Characters,Blue Eyes,White Hair,Male Characters,,Living Characters,39,Jan-87,1987
964,5595,Ananym (Earth-616),\/Ananym_(Earth-616),Secret Identity,Bad Characters,White Eyes,Red Hair,Female Characters,,Living Characters,39,Nov-89,1989
967,5924,Carlton LaFroyge (Earth-616),\/Carlton_LaFroyge_(Earth-616),Secret Identity,Bad Characters,Brown Eyes,Brown Hair,Male Characters,,Living Characters,39,May-93,1993
978,1889,Jonathan Powers (Earth-616),\/Jonathan_Powers_(Earth-616),Public Identity,Bad Characters,Blue Eyes,Brown Hair,Male Characters,,Living Characters,38,Jul-68,1968
979,1065,Amphibius (Earth-616),\/Amphibius_(Earth-616),Secret Identity,Bad Characters,Yellow Eyes,No Hair,Male Characters,,Living Characters,38,Nov-69,1969
980,24458,Susan Scarbo (Earth-616),\/Susan_Scarbo_(Earth-616),Secret Identity,Bad Characters,Green Eyes,Black Hair,Female Characters,,Deceased Characters,38,Mar-70,1970
982,2094,William Taurens (Earth-616),\/William_Taurens_(Earth-616),Public Identity,Bad Characters,Brown Eyes,Brown Hair,Male Characters,,Living Characters,38,Jul-71,1971
984,1980,Paul Cartier (Earth-616),\/Paul_Cartier_(Earth-616),Secret Identity,Bad Characters,Brown Eyes,Brown Hair,Male Characters,,Living Characters,38,Apr-73,1973
985,12418,Marduk Kurios (Earth-616),\/Marduk_Kurios_(Earth-616),Secret Identity,Bad Characters,Variable Eyes,Variable Hair,Male Characters,,Living Characters,38,Jan-74,1974
988,1998,William Stryker (Earth-616),\/William_Stryker_(Earth-616),No Dual Identity,Bad Characters,Blue Eyes,Grey Hair,Male Characters,,Deceased Characters,38,Jan-83,1983
990,1218,Jackie Lukus (Earth-616),\/Jackie_Lukus_(Earth-616),Public Identity,Bad Characters,Blue Eyes,Brown Hair,Female Characters,,Living Characters,38,Jun-88,1988
996,9816,Kevin Ford (Earth-616),\/Kevin_Ford_(Earth-616),Secret Identity,Bad Characters,Brown Eyes,Brown Hair,Male Characters,,Deceased Characters,38,Sep-03,2003
